内容,用户名,id,关注人数,粉丝,性别,点赞数,cid
"这几天我在瓜田里上窜下跳<span class=""url-icon""><img alt=[允悲] src=""https://h5.sinaimg.cn/m/emoticon/icon/default/d_yunbei-a14a649db8.png"" style=""width:1em; height:1em;"" /></span>",椰蓉饼,5774931837,528,373,18111,4596227985133240
所以你俩的孩子一出生就会飙高音吗？,垃圾箱小熊,3488412594,394,155,f,14271,4596232511051184
"一个代孕弃养，一个远走生娃，只留下我在瓜田里上蹿下跳<span class=""url-icon""><img alt=[吃瓜] src=""https://h5.sinaimg.cn/m/emoticon/icon/default/d_chigua-7a95e6efc4.png"" style=""width:1em; height:1em;"" /></span>",恋爱日,3095771733,534751,384,m,15714,4596228954524051
"宝贝<a href='/n/华晨宇yu'>@华晨宇yu</a> ，说实话我现在的心情很复杂，心里很堵，也不知道该说些什么，但还是希望你能幸福，毕竟，我最大的幸福就是看见你幸福。<span class=""url-icon""><img alt=[泪] src=""https://h5.sinaimg.cn/m/emoticon/icon/default/d_lei-4cdf6ee412.png"" style=""width:1em; height:1em;"" /></span><span class=""url-icon""><img alt=[泪] src=""https://h5.sinaimg.cn/m/emoticon/icon/default/d_lei-4cdf6ee412.png"" style=""width:1em; height:1em;"" /></span><span class=""url-icon""><img alt=[泪] src=""https://h5.sinaimg.cn/m/emoticon/icon/default/d_lei-4cdf6ee412.png"" style=""width:1em; height:1em;"" /></span>",鹿小姐爱yu,5483752594,1297,1199,f,4053,4596228790444596
内容,用户名,id,关注人数,粉丝,性别,点赞数,cid
"这几天我在瓜田里上窜下跳<span class=""url-icon""><img alt=[允悲] src=""https://h5.sinaimg.cn/m/emoticon/icon/default/d_yunbei-a14a649db8.png"" style=""width:1em; height:1em;"" /></span>",椰蓉饼,5774931837,528,373,18111,4596227985133240
真的祝福，你生命中的小宝贝,要一杯全糖去冰,2946178964,93,86,f,2746,4596227729792621
所以你俩的孩子一出生就会飙高音吗？,垃圾箱小熊,3488412594,394,155,f,14271,4596232511051184
"2021开年大瓜都太刺激了吧<span class=""url-icon""><img alt=[允悲] src=""https://h5.sinaimg.cn/m/emoticon/icon/default/d_yunbei-a14a649db8.png"" style=""width:1em; height:1em;"" /></span>2g网速跟不上，祝福，华晨宇真的太汉子了，很多人一辈子也不会公开，会觉得孩子耽误前途，还有人弃养....",_萌说,5049221114,11453,1094,f,3042,4596229637672483
"一个代孕弃养，一个远走生娃，只留下我在瓜田里上蹿下跳<span class=""url-icon""><img alt=[吃瓜] src=""https://h5.sinaimg.cn/m/emoticon/icon/default/d_chigua-7a95e6efc4.png"" style=""width:1em; height:1em;"" /></span>",恋爱日,3095771733,534751,384,m,15714,4596228954524051
"宝贝<a href='/n/华晨宇yu'>@华晨宇yu</a> ，说实话我现在的心情很复杂，心里很堵，也不知道该说些什么，但还是希望你能幸福，毕竟，我最大的幸福就是看见你幸福。<span class=""url-icon""><img alt=[泪] src=""https://h5.sinaimg.cn/m/emoticon/icon/default/d_lei-4cdf6ee412.png"" style=""width:1em; height:1em;"" /></span><span class=""url-icon""><img alt=[泪] src=""https://h5.sinaimg.cn/m/emoticon/icon/default/d_lei-4cdf6ee412.png"" style=""width:1em; height:1em;"" /></span><span class=""url-icon""><img alt=[泪] src=""https://h5.sinaimg.cn/m/emoticon/icon/default/d_lei-4cdf6ee412.png"" style=""width:1em; height:1em;"" /></span>",鹿小姐爱yu,5483752594,1297,1199,f,4053,4596228790444596
大哥你写给未来的孩子可以唱给她听了，不介意的话我们ET天团一起唱给她听呀。,千面阿藏yu,6327150704,1906,2072,f,1600,4596229898522929
真的祝福，你生命中的小宝贝,要一杯全糖去冰,2946178964,93,86,f,2746,4596227729792621
从你进快男66强看到你一眼，我就打赌你是冠军，你夺得冠军的那天我发了十条说说，很幼稚吧，那时候我初中，一步一步看你越来越好，偶尔给你发私信说我的一些，开心或者快乐，虽然你不会看。但我还是跟开心...虽然很想祝你幸福，但是我很难过，祝你幸福，,工藤阿念,6028290783,2838,209,f,1762,4596229126750299
"2021开年大瓜都太刺激了吧<span class=""url-icon""><img alt=[允悲] src=""https://h5.sinaimg.cn/m/emoticon/icon/default/d_yunbei-a14a649db8.png"" style=""width:1em; height:1em;"" /></span>2g网速跟不上，祝福，华晨宇真的太汉子了，很多人一辈子也不会公开，会觉得孩子耽误前途，还有人弃养....",_萌说,5049221114,11453,1094,f,3042,4596229637672483
所以华晨宇堂哥辟谣辟了个寂寞吗,吃不胖气人不,1282381711,1688,126,m,1534,4596232406443393
大哥你写给未来的孩子可以唱给她听了，不介意的话我们ET天团一起唱给她听呀。,千面阿藏yu,6327150704,1906,2072,f,1600,4596229898522929
从你进快男66强看到你一眼，我就打赌你是冠军，你夺得冠军的那天我发了十条说说，很幼稚吧，那时候我初中，一步一步看你越来越好，偶尔给你发私信说我的一些，开心或者快乐，虽然你不会看。但我还是跟开心...虽然很想祝你幸福，但是我很难过，祝你幸福，,工藤阿念,6028290783,2838,209,f,1762,4596229126750299
所以华晨宇堂哥辟谣辟了个寂寞吗,吃不胖气人不,1282381711,1688,126,m,1534,4596232406443393
内容,用户名,id,关注人数,粉丝,性别,点赞数,cid
"呜呜呜呜呜呜呜呜初中的时候 第一次玩微博就是为了花花 为了花花创了这个一个号 为了追花花 呜呜呜呜呜呜呜呜呜呜呜呜呜喜欢了好久好久 花花 一定要幸福呀！！！<span class=""url-icon""><img alt=[泪] src=""https://h5.sinaimg.cn/m/emoticon/icon/default/d_lei-4cdf6ee412.png"" style=""width:1em; height:1em;"" /></span><span class=""url-icon""><img alt=[泪] src=""https://h5.sinaimg.cn/m/emoticon/icon/default/d_lei-4cdf6ee412.png"" style=""width:1em; height:1em;"" /></span><span class=""url-icon""><img alt=[泪] src=""https://h5.sinaimg.cn/m/emoticon/icon/default/d_lei-4cdf6ee412.png"" style=""width:1em; height:1em;"" /></span><span class=""url-icon""><img alt=[心] src=""https://h5.sinaimg.cn/m/emoticon/icon/others/l_xin-43af9086c0.png"" style=""width:1em; height:1em;"" /></span><span class=""url-icon""><img alt=[心] src=""https://h5.sinaimg.cn/m/emoticon/icon/others/l_xin-43af9086c0.png"" style=""width:1em; height:1em;"" /></span><span class=""url-icon""><img alt=[心] src=""https://h5.sinaimg.cn/m/emoticon/icon/others/l_xin-43af9086c0.png"" style=""width:1em; height:1em;"" /></span>",藏一口软绵绵,3777267852,884,468,514,4596231253543908
又心痛又祝福！但还是希望花花开心就好！！！！,叫我弛哥哥Natalie,3517557500,255,187,f,511,4596227834128184
祝福  真的  真心的,不知道起啥名的霍某某,5599709784,125,133,f,347,4596227863760061
"祝福祝福！！！！宝宝肯定也唱歌很好听！！！<span class=""url-icon""><img alt=[打call] src=""https://h5.sinaimg.cn/m/emoticon/icon/default/fb_a1dacall-1e0c4593fc.png"" style=""width:1em; height:1em;"" /></span><span class=""url-icon""><img alt=[打call] src=""https://h5.sinaimg.cn/m/emoticon/icon/default/fb_a1dacall-1e0c4593fc.png"" style=""width:1em; height:1em;"" /></span>",阿榕的半夜汽笛-,5843908827,1708,458,f,283,4596229557991775
真的我们心中的孩子也成为了爸爸 真的我感觉吧我也好幸福,秦祁abey04,6443493830,23,61,m,228,4596228454884357
"孩子绝对长大后是个天籁之音<span class=""url-icon""><img alt=[赞] src=""https://h5.sinaimg.cn/m/emoticon/icon/others/h_zan-44ddc70637.png"" style=""width:1em; height:1em;"" /></span>",1128-心动预警,6995442162,285,693,f,272,4596233778496786
内容,用户名,id,关注人数,粉丝,性别,点赞数,cid
"呜呜呜呜呜呜呜呜初中的时候 第一次玩微博就是为了花花 为了花花创了这个一个号 为了追花花 呜呜呜呜呜呜呜呜呜呜呜呜呜喜欢了好久好久 花花 一定要幸福呀！！！<span class=""url-icon""><img alt=[泪] src=""https://h5.sinaimg.cn/m/emoticon/icon/default/d_lei-4cdf6ee412.png"" style=""width:1em; height:1em;"" /></span><span class=""url-icon""><img alt=[泪] src=""https://h5.sinaimg.cn/m/emoticon/icon/default/d_lei-4cdf6ee412.png"" style=""width:1em; height:1em;"" /></span><span class=""url-icon""><img alt=[泪] src=""https://h5.sinaimg.cn/m/emoticon/icon/default/d_lei-4cdf6ee412.png"" style=""width:1em; height:1em;"" /></span><span class=""url-icon""><img alt=[心] src=""https://h5.sinaimg.cn/m/emoticon/icon/others/l_xin-43af9086c0.png"" style=""width:1em; height:1em;"" /></span><span class=""url-icon""><img alt=[心] src=""https://h5.sinaimg.cn/m/emoticon/icon/others/l_xin-43af9086c0.png"" style=""width:1em; height:1em;"" /></span><span class=""url-icon""><img alt=[心] src=""https://h5.sinaimg.cn/m/emoticon/icon/others/l_xin-43af9086c0.png"" style=""width:1em; height:1em;"" /></span>",藏一口软绵绵,3777267852,884,468,514,4596231253543908
又心痛又祝福！但还是希望花花开心就好！！！！,叫我弛哥哥Natalie,3517557500,255,187,f,511,4596227834128184
祝福  真的  真心的,不知道起啥名的霍某某,5599709784,125,133,f,347,4596227863760061
"祝福祝福！！！！宝宝肯定也唱歌很好听！！！<span class=""url-icon""><img alt=[打call] src=""https://h5.sinaimg.cn/m/emoticon/icon/default/fb_a1dacall-1e0c4593fc.png"" style=""width:1em; height:1em;"" /></span><span class=""url-icon""><img alt=[打call] src=""https://h5.sinaimg.cn/m/emoticon/icon/default/fb_a1dacall-1e0c4593fc.png"" style=""width:1em; height:1em;"" /></span>",阿榕的半夜汽笛-,5843908827,1708,458,f,283,4596229557991775
真的我们心中的孩子也成为了爸爸 真的我感觉吧我也好幸福,秦祁abey04,6443493830,23,61,m,228,4596228454884357
"孩子绝对长大后是个天籁之音<span class=""url-icon""><img alt=[赞] src=""https://h5.sinaimg.cn/m/emoticon/icon/others/h_zan-44ddc70637.png"" style=""width:1em; height:1em;"" /></span>",1128-心动预警,6995442162,285,693,f,272,4596233778496786
内容,用户名,id,关注人数,粉丝,性别,点赞数,cid
"心疼渣浪程序员<span class=""url-icon""><img alt=[允悲] src=""https://h5.sinaimg.cn/m/emoticon/icon/default/d_yunbei-a14a649db8.png"" style=""width:1em; height:1em;"" /></span>",将暮未暮江米,5242932065,121,540,179,4596231697355552
借楼，这孩子已经听斗牛入睡了？？不觉得离谱吗,疯批牧念yu,6595849047,21,171,m,193,4596238505232114
你要幸福宝贝,彦色的小橘,6538330618,674,1130,f,111,4596227671606739
我竟然看到了磕鹤楷的姐妹！！！！,是南南呀zzn,7247897552,790,566,f,175,4596241230760765
"我靠 头像竟然是公主和保安哈哈哈哈<span class=""url-icon""><img alt=[给你小心心] src=""https://h5.sinaimg.cn/m/emoticon/icon/others/qixi2018_xiaoxinxin-c76bf85343.png"" style=""width:1em; height:1em;"" /></span><span class=""url-icon""><img alt=[给你小心心] src=""https://h5.sinaimg.cn/m/emoticon/icon/others/qixi2018_xiaoxinxin-c76bf85343.png"" style=""width:1em; height:1em;"" /></span>",日霓麻野,2294831324,943,1104,m,132,4596243274417265
"活捉郝钰邸和刘泽楷的粉丝<span class=""url-icon""><img alt=[允悲] src=""https://h5.sinaimg.cn/m/emoticon/icon/default/d_yunbei-a14a649db8.png"" style=""width:1em; height:1em;"" /></span><span class=""url-icon""><img alt=[允悲] src=""https://h5.sinaimg.cn/m/emoticon/icon/default/d_yunbei-a14a649db8.png"" style=""width:1em; height:1em;"" /></span><span class=""url-icon""><img alt=[允悲] src=""https://h5.sinaimg.cn/m/emoticon/icon/default/d_yunbei-a14a649db8.png"" style=""width:1em; height:1em;"" /></span>",llllllllllllzffffffffff,5045642355,270,118,f,155,4596242267773009
没事的宝贝 祝你幸福 女儿应该很可爱吧 她是不是叫Judy呢,_七重人格,2694049293,569,1434,f,70,4596231089970894
草！！！华晨宇男人！,EEEEEnd_xxx,5792255573,168,182,f,63,4596230011235273
花花幸福就好！！！,李易峰你压我头发辣,5357895831,44,61,f,64,4596227490465871
听过和看过花花的现场，祝贺你成为爸爸，希望你幸福美满哟o&gt;_&lt;o,岁月千里,5317931159,208,259,f,48,4596233543102973
内容,用户名,id,关注人数,粉丝,性别,点赞数,cid
没什么比当事人觉得幸福更重要,浪漫不可辜负_,6207722198,173,548,52,4596233744680169
"我的花花终于不孤单了<span class=""url-icon""><img alt=[悲伤] src=""https://h5.sinaimg.cn/m/emoticon/icon/default/d_beishang-c95268c034.png"" style=""width:1em; height:1em;"" /></span><span class=""url-icon""><img alt=[悲伤] src=""https://h5.sinaimg.cn/m/emoticon/icon/default/d_beishang-c95268c034.png"" style=""width:1em; height:1em;"" /></span><span class=""url-icon""><img alt=[悲伤] src=""https://h5.sinaimg.cn/m/emoticon/icon/default/d_beishang-c95268c034.png"" style=""width:1em; height:1em;"" /></span><span class=""url-icon""><img alt=[悲伤] src=""https://h5.sinaimg.cn/m/emoticon/icon/default/d_beishang-c95268c034.png"" style=""width:1em; height:1em;"" /></span>",白敬亭和华晨宇都是我的,6072148234,12,23,f,50,4596237124789385
"祝福大哥，恭喜大哥有了小Judy！<span class=""url-icon""><img alt=[心] src=""https://h5.sinaimg.cn/m/emoticon/icon/others/l_xin-43af9086c0.png"" style=""width:1em; height:1em;"" /></span>第一时间看到推送的时候我直接泪崩了，真的是开心的，到现在手都是抖的，13年的快男海选粉，只希望大哥幸福！<span class=""url-icon""><img alt=[心] src=""https://h5.sinaimg.cn/m/emoticon/icon/others/l_xin-43af9086c0.png"" style=""width:1em; height:1em;"" /></span><a href='/n/华晨宇yu'>@华晨宇yu</a>",_仙女哥哥yu,1568276215,10268,110,f,62,4596239565615286
很喜欢他俩 要一直幸福呀！！,赞比啵崽的小可爱云仔,6257465814,149,406,f,58,4596227495432711
"大哥，你开心就好，祝福你<span class=""url-icon""><img alt=[心] src=""https://h5.sinaimg.cn/m/emoticon/icon/others/l_xin-43af9086c0.png"" style=""width:1em; height:1em;"" /></span><span class=""url-icon""><img alt=[心] src=""https://h5.sinaimg.cn/m/emoticon/icon/others/l_xin-43af9086c0.png"" style=""width:1em; height:1em;"" /></span>",Mars上的yu,5782811591,32,93,f,30,4596234213678766
"他俩未婚先孕有啥可祝福，不明白。不就是因为郑爽的事情不敢不养吗？养私生子被人夸说有担当？？？希望以后粉丝老公或者老婆有私生子的时候你们也能这么大度夸人家有担当哦，毕竟人不能双标呀<span class=""url-icon""><img alt=[二哈] src=""https://h5.sinaimg.cn/m/emoticon/icon/others/d_erha-139d0e07bd.png"" style=""width:1em; height:1em;"" /></span><span class=""url-icon""><img alt=[二哈] src=""https://h5.sinaimg.cn/m/emoticon/icon/others/d_erha-139d0e07bd.png"" style=""width:1em; height:1em;"" /></span>",最美的年纪1990,6822781235,3,178,f,114,4596487260213994
能有个人爱你陪你，还有个爱的结晶，真的感到很欣慰！一定要幸福哦！,洛翼儿,3225746852,246,106,f,33,4596237826003239
"祝福祝福<span class=""url-icon""><img alt=[心] src=""https://h5.sinaimg.cn/m/emoticon/icon/others/l_xin-43af9086c0.png"" style=""width:1em; height:1em;"" /></span>希望你有了家庭能够幸福开心，别再孤独了……",时光BLINGBLINGBLING,2490351082,207,494,f,27,4596237406571078
祝福花花～,该用户已废除,6222471622,39,314,f,24,4596230334716382
"<span class=""url-icon""><img alt=[泪] src=""https://h5.sinaimg.cn/m/emoticon/icon/default/d_lei-4cdf6ee412.png"" style=""width:1em; height:1em;"" /></span><span class=""url-icon""><img alt=[泪] src=""https://h5.sinaimg.cn/m/emoticon/icon/default/d_lei-4cdf6ee412.png"" style=""width:1em; height:1em;"" /></span><span class=""url-icon""><img alt=[泪] src=""https://h5.sinaimg.cn/m/emoticon/icon/default/d_lei-4cdf6ee412.png"" style=""width:1em; height:1em;"" /></span>幸福就好！！！！！！！",乙酰辅酶A的薄荷2020,5438442217,29,1076,f,27,4596231588047198
内容,用户名,id,关注人数,粉丝,性别,点赞数,cid
"我的男孩 一定要幸福<span class=""url-icon""><img alt=[心] src=""https://h5.sinaimg.cn/m/emoticon/icon/others/l_xin-43af9086c0.png"" style=""width:1em; height:1em;"" /></span>",好好好吃鱼yu-,6044028347,89,83,22,4596235828476455
"真的看到新闻不能平静，但无论如何，你要幸福、开心、不要勉强、永远随心所欲做自己！疫情过去，一定要去大哥的演唱会<span class=""url-icon""><img alt=[心] src=""https://h5.sinaimg.cn/m/emoticon/icon/others/l_xin-43af9086c0.png"" style=""width:1em; height:1em;"" /></span>",jtsdmfz-x,5675941376,79,238,f,32,4596238526462474
真的5555555555,我有两颗西柚yu,5855982969,254,357,f,19,4596228043864729
“我永远是华晨宇先生的歌迷”,许以何生,5196302694,272,220,f,15,4596269718978131
不管花花怎么样，一直喜欢和支持花花,Ale_guo良yu,2198483304,192,414,m,11,4596262227442516
鹤楷粉的骄傲！,Leslie的S,3293904621,133,258,f,30,4596330910192926
哇偶！是楷楷和邸邸啊啊啊啊啊啊啊！！！,W小杰儿丫,6284935310,15,163,f,20,4596322281467776
内容,用户名,id,关注人数,粉丝,性别,点赞数,cid
"鹤楷红出圈啦<span class=""url-icon""><img alt=[太开心] src=""https://h5.sinaimg.cn/m/emoticon/icon/default/d_taikaixin-b7d86de3fd.png"" style=""width:1em; height:1em;"" /></span><span class=""url-icon""><img alt=[鼓掌] src=""https://h5.sinaimg.cn/m/emoticon/icon/default/d_guzhang-cca8b296d9.png"" style=""width:1em; height:1em;"" /></span>",W小杰儿丫,6284935310,15,163,19,4596326177973793
"啥都不缩了    鹤楷99<span class=""url-icon""><img alt=[允悲] src=""https://h5.sinaimg.cn/m/emoticon/icon/default/d_yunbei-a14a649db8.png"" style=""width:1em; height:1em;"" /></span><span class=""url-icon""><img alt=[心] src=""https://h5.sinaimg.cn/m/emoticon/icon/others/l_xin-43af9086c0.png"" style=""width:1em; height:1em;"" /></span>",想做的都去做吧v,6040111469,208,826,m,23,4596259325479087
"图片评论 <a data-url=""http://t.cn/A654We89"" href=""https://wx2.sinaimg.cn/large/0068tDJIly1gmwp9rmy73j30u00ktn0l.jpg"" data-hide=""""><span class='url-icon'><img style='width: 1rem;height: 1rem' src='https://h5.sinaimg.cn/upload/2015/01/21/20/timeline_card_small_photo_default.png'></span><span class=""surl-text"">评论配图</span></a>",Weirdo-仓颉,5622071942,1213,359,m,48,4596251209240388
大家没想好的一定要戴套啊！,逆梦NEMO,5628133821,173,543,m,34,4596241462469359
真的很美好，要祝福啊，那么年轻当爸爸妈妈，真的很棒，哈哈哈,爱Darling每一天,1765834735,1120,2056,f,13,4596229306847339
祝福！！！！！！,我有两颗西柚yu,5855982969,254,357,f,13,4596228064837773
"花儿与少年恐成最大赢家<span class=""url-icon""><img alt=[doge] src=""https://h5.sinaimg.cn/m/emoticon/icon/others/d_doge-be7f768d78.png"" style=""width:1em; height:1em;"" /></span><span class=""url-icon""><img alt=[喵喵] src=""https://h5.sinaimg.cn/m/emoticon/icon/others/d_miao-c1b3d563bd.png"" style=""width:1em; height:1em;"" /></span>",Leahlovesfilm,1794042444,1475,843,f,15,4596233853213254
头像！！鹤楷！,柠檬益力多女孩,5044594098,195,95,f,24,4596325817257097
祝福！两个有实力的人！很般配啊,珍珠奶茶爱提拉米苏,5414039936,111,338,f,15,4596230115857125
一定要幸福！,Glowing_简,6609207452,128,273,f,9,4596240949737330
内容,用户名,id,关注人数,粉丝,性别,点赞数,cid
估计孩子出声的时候来了个海豚音,Z3rui,6110404474,5,176,10,4596255550607282
幸福重要,浪漫不可辜负_,6207722198,173,548,f,9,4596233694085717
吃瓜吃撑了 不想吃了,123飞一般的感觉,6245068870,221,1146,f,13,4596231689750919
祝你幸福 我很爱你,小叮爱绿色,7298360358,27,241,f,14,4596227587708316
祝福祝福花花！！！不是粉丝，但是爱听你的歌,李浩源非专业翻译小助手,5083575800,309,110,f,7,4596247124787186
"你们这群脑残粉 只看到这些表面 你们知道真正原因吗？怕你们知道前因后果之后怀疑人生 实话告诉你们吧 华晨宇知道张怀孕 不想要 逼她打掉 张不打 偷偷生下孩子 郑爽事件之后 华晨宇怕人设崩塌 才妥协接受孩子的<span class=""url-icon""><img alt=[微笑] src=""https://h5.sinaimg.cn/m/emoticon/icon/default/d_hehe-0be7e6251f.png"" style=""width:1em; height:1em;"" /></span>",豆Henoy,6458964886,4,44,f,26,4597010256365396
既然大家都很幸福  那是最好不过的了,湖北杨幂,6220259070,84,394,f,8,4596238664355861
"祝你和孩子幸福<span class=""url-icon""><img alt=[心] src=""https://h5.sinaimg.cn/m/emoticon/icon/others/l_xin-43af9086c0.png"" style=""width:1em; height:1em;"" /></span><span class=""url-icon""><img alt=[心] src=""https://h5.sinaimg.cn/m/emoticon/icon/others/l_xin-43af9086c0.png"" style=""width:1em; height:1em;"" /></span>",_MXMINMIN_,3261621140,218,126,f,7,4596247799030448
"祝福祝福<span class=""url-icon""><img alt=[好喜欢] src=""https://h5.sinaimg.cn/m/emoticon/icon/lxh/lxh_haoxihuan-51860b62e6.png"" style=""width:1em; height:1em;"" /></span><span class=""url-icon""><img alt=[好喜欢] src=""https://h5.sinaimg.cn/m/emoticon/icon/lxh/lxh_haoxihuan-51860b62e6.png"" style=""width:1em; height:1em;"" /></span>",crain_soul,7398630906,5,44,m,9,4596231559205785
"祝你幸福，永远开心<span class=""url-icon""><img alt=[心] src=""https://h5.sinaimg.cn/m/emoticon/icon/others/l_xin-43af9086c0.png"" style=""width:1em; height:1em;"" /></span>",夜弦歌yu,6579232271,30,98,f,7,4596231218942652
内容,用户名,id,关注人数,粉丝,性别,点赞数,cid
"真的Judy出现了！真好！祝你们幸福！<span class=""url-icon""><img alt=[给你小心心] src=""https://h5.sinaimg.cn/m/emoticon/icon/others/qixi2018_xiaoxinxin-c76bf85343.png"" style=""width:1em; height:1em;"" /></span>",Andyxbaby,5461062610,7,62,6,4596249309742221
讲真幸福就好,南城似北花似海i,6098164241,15,370,f,4,4596247993000971
大哥，你幸福就好,夏至风和日丽,5284368468,5,137,f,5,4596242619309068
千言万语都想说 希望大哥幸福！,平易近人的小天使yu,5496092962,16,10,f,4,4596240911969275
借楼。姓华的，我不是你的粉丝。也不是张碧晨的粉丝，但是你他妈太不是个男人了。你的粉丝吧人家骂成那样，你不坑声？？怎么提起裤子就不认人了？当初怎么不管好自己的弟弟啊？？说到底就是个jian男人,易西子呀,6310166156,20,227,f,27,4596856904749298
？？？？你们的三观都崩了？？,秤砣的后盾,6638149096,58,102,f,30,4596585394345004
祝福祝福。,琳达Linda美眉,3863646107,120,279,f,3,4596237862968165
"啊 花花也有自己的孩子了呢<span class=""url-icon""><img alt=[悲伤] src=""https://h5.sinaimg.cn/m/emoticon/icon/default/d_beishang-c95268c034.png"" style=""width:1em; height:1em;"" /></span>小宝贝一定很幸福，因为爸爸是花花；花花一定也很幸福，因为有了小宝贝<span class=""url-icon""><img alt=[心] src=""https://h5.sinaimg.cn/m/emoticon/icon/others/l_xin-43af9086c0.png"" style=""width:1em; height:1em;"" /></span>",丫丫叭叭啾啾,5225910318,107,66,f,8,4596235565009115
相信粉丝还是难以平复的，不论怎样，幸福就好了，花花需要被治愈,WT饱饱YT,5658238576,26,219,f,5,4596235211901772
内容,用户名,id,关注人数,粉丝,性别,点赞数,cid
幸福就好,Man_ayou,6458147082,47,91,3,4596234348411980
我最大的幸福，就是看见你幸福,Grace郭妮,7274055882,105,931,f,3,4596233412811714
幸福幸福幸福呀大哥，嘿嘿嘿记得一直注意身体，不要太久的工作，留出时间陪伴老婆和孩子哟～～,葵花籽1688,6779332531,17,77,f,3,4596232755103401
花花要一直幸福呀～～～,该用户已废除,6222471622,39,314,f,9,4596230484930552
"再来这里催一下，记得开演唱会，我想听烟火里的尘埃live<span class=""url-icon""><img alt=[可爱] src=""https://h5.sinaimg.cn/m/emoticon/icon/default/d_keai-9aae643ce8.png"" style=""width:1em; height:1em;"" /></span><span class=""url-icon""><img alt=[可爱] src=""https://h5.sinaimg.cn/m/emoticon/icon/default/d_keai-9aae643ce8.png"" style=""width:1em; height:1em;"" /></span> <a data-url=""http://t.cn/A6549SRk"" href=""https://wx2.sinaimg.cn/large/9a20e64cgy1gmwmsyo8gdj20dc0dcdgj.jpg"" data-hide=""""><span class='url-icon'><img style='width: 1rem;height: 1rem' src='https://h5.sinaimg.cn/upload/2015/01/21/20/timeline_card_small_photo_default.png'></span><span class=""surl-text"">评论配图</span></a>",反正不会是你的小可爱,2585847372,571,185,f,8,4596229729966678
啊啊啊偶遇小喇叭,这个ID忒可爱了,5249864384,148,312,f,4,4596233027721227
"哥，幸福就好<span class=""url-icon""><img alt=[泪] src=""https://h5.sinaimg.cn/m/emoticon/icon/default/d_lei-4cdf6ee412.png"" style=""width:1em; height:1em;"" /></span><span class=""url-icon""><img alt=[泪] src=""https://h5.sinaimg.cn/m/emoticon/icon/default/d_lei-4cdf6ee412.png"" style=""width:1em; height:1em;"" /></span><span class=""url-icon""><img alt=[泪] src=""https://h5.sinaimg.cn/m/emoticon/icon/default/d_lei-4cdf6ee412.png"" style=""width:1em; height:1em;"" /></span>",soe不加甜,5680784651,31,20,f,13,4596227470272627
"鹤楷9999999<span class=""url-icon""><img alt=[鲜花] src=""https://h5.sinaimg.cn/m/emoticon/icon/others/w_xianhua-f902c37199.png"" style=""width:1em; height:1em;"" /></span>",W小杰儿丫,6284935310,15,163,f,5,4596327109364018
祝福祝福,就就是盛夏,5447341353,707,104,f,2,4596246981919707
"祝福祝福祝福<span class=""url-icon""><img alt=[兔子] src=""https://h5.sinaimg.cn/m/emoticon/icon/others/d_tuzi-d2b0222faa.png"" style=""width:1em; height:1em;"" /></span><span class=""url-icon""><img alt=[兔子] src=""https://h5.sinaimg.cn/m/emoticon/icon/others/d_tuzi-d2b0222faa.png"" style=""width:1em; height:1em;"" /></span><span class=""url-icon""><img alt=[兔子] src=""https://h5.sinaimg.cn/m/emoticon/icon/others/d_tuzi-d2b0222faa.png"" style=""width:1em; height:1em;"" /></span>",酸辣粉配豆芽,3656261265,135,202,f,2,4596233069155893
内容,用户名,id,关注人数,粉丝,性别,点赞数,cid
幸福就好,Man_ayou,6458147082,47,91,3,4596234348411980
我最大的幸福，就是看见你幸福,Grace郭妮,7274055882,105,931,f,3,4596233412811714
幸福幸福幸福呀大哥，嘿嘿嘿记得一直注意身体，不要太久的工作，留出时间陪伴老婆和孩子哟～～,葵花籽1688,6779332531,17,77,f,3,4596232755103401
花花要一直幸福呀～～～,该用户已废除,6222471622,39,314,f,9,4596230484930552
"再来这里催一下，记得开演唱会，我想听烟火里的尘埃live<span class=""url-icon""><img alt=[可爱] src=""https://h5.sinaimg.cn/m/emoticon/icon/default/d_keai-9aae643ce8.png"" style=""width:1em; height:1em;"" /></span><span class=""url-icon""><img alt=[可爱] src=""https://h5.sinaimg.cn/m/emoticon/icon/default/d_keai-9aae643ce8.png"" style=""width:1em; height:1em;"" /></span> <a data-url=""http://t.cn/A6549SRk"" href=""https://wx2.sinaimg.cn/large/9a20e64cgy1gmwmsyo8gdj20dc0dcdgj.jpg"" data-hide=""""><span class='url-icon'><img style='width: 1rem;height: 1rem' src='https://h5.sinaimg.cn/upload/2015/01/21/20/timeline_card_small_photo_default.png'></span><span class=""surl-text"">评论配图</span></a>",反正不会是你的小可爱,2585847372,571,185,f,8,4596229729966678
啊啊啊偶遇小喇叭,这个ID忒可爱了,5249864384,148,312,f,4,4596233027721227
"哥，幸福就好<span class=""url-icon""><img alt=[泪] src=""https://h5.sinaimg.cn/m/emoticon/icon/default/d_lei-4cdf6ee412.png"" style=""width:1em; height:1em;"" /></span><span class=""url-icon""><img alt=[泪] src=""https://h5.sinaimg.cn/m/emoticon/icon/default/d_lei-4cdf6ee412.png"" style=""width:1em; height:1em;"" /></span><span class=""url-icon""><img alt=[泪] src=""https://h5.sinaimg.cn/m/emoticon/icon/default/d_lei-4cdf6ee412.png"" style=""width:1em; height:1em;"" /></span>",soe不加甜,5680784651,31,20,f,13,4596227470272627
"鹤楷9999999<span class=""url-icon""><img alt=[鲜花] src=""https://h5.sinaimg.cn/m/emoticon/icon/others/w_xianhua-f902c37199.png"" style=""width:1em; height:1em;"" /></span>",W小杰儿丫,6284935310,15,163,f,5,4596327109364018
祝福祝福,就就是盛夏,5447341353,707,104,f,2,4596246981919707
"祝福祝福祝福<span class=""url-icon""><img alt=[兔子] src=""https://h5.sinaimg.cn/m/emoticon/icon/others/d_tuzi-d2b0222faa.png"" style=""width:1em; height:1em;"" /></span><span class=""url-icon""><img alt=[兔子] src=""https://h5.sinaimg.cn/m/emoticon/icon/others/d_tuzi-d2b0222faa.png"" style=""width:1em; height:1em;"" /></span><span class=""url-icon""><img alt=[兔子] src=""https://h5.sinaimg.cn/m/emoticon/icon/others/d_tuzi-d2b0222faa.png"" style=""width:1em; height:1em;"" /></span>",酸辣粉配豆芽,3656261265,135,202,f,2,4596233069155893
内容,用户名,id,关注人数,粉丝,性别,点赞数,cid
幸福就好！！要开心。照顾好她们,dayadiest,5569102380,28,191,6,4596228841537905
幸福开心就好,懒羊羊打败了光头强,5329754575,37,77,f,3,4596241780978183
"祝福花花！<span class=""url-icon""><img alt=[偷乐] src=""https://h5.sinaimg.cn/m/emoticon/icon/lxh/lxh_toule-244c58c525.png"" style=""width:1em; height:1em;"" /></span> 刷微博服务器一直说喘口气我还以为网不好呢 原来是有好消息<span class=""url-icon""><img alt=[抱一抱] src=""https://h5.sinaimg.cn/m/emoticon/icon/default/co_a1hug-f3910d0e88.png"" style=""width:1em; height:1em;"" /></span>",大太子奶彤-,3514982647,261,109,f,9,4596232615898126
祝福99啊，很意外但是也很惊喜,努力努力再努力gd,5549357519,158,669,m,9,4596231588283123
幸福就好<a href='/n/华晨宇yu'>@华晨宇yu</a>,与火星的孩子对话yuu,6980948173,1329,7894,f,1,4597602307801715
大哥，你幸福就好啊！,愿逐月华留照宇yu,5448338868,503,293,f,1,4597549003185186
我最大的幸福  是看见你幸福,不瘦回105不改id,5835702200,213,133,f,1,4597345373130231
"我一直在<span class=""url-icon""><img alt=[心] src=""https://h5.sinaimg.cn/m/emoticon/icon/others/l_xin-43af9086c0.png"" style=""width:1em; height:1em;"" /></span>",hcy花火姐姐,7121507369,133,154,f,1,4597323034540127
"我最大的幸福是看见你幸福<span class=""url-icon""><img alt=[心] src=""https://h5.sinaimg.cn/m/emoticon/icon/others/l_xin-43af9086c0.png"" style=""width:1em; height:1em;"" /></span>",hcy花火姐姐,7121507369,133,154,f,1,4597322842117013
回复<a href='/n/大耳种花兔'>@大耳种花兔</a>:结不结婚俩人自有考量，仓促的家不如慢慢磨合看今后，现阶段落户爸爸户口了，都会爱孩子即可，今后慢慢看（当然这是我信他也没打算离开的歌迷的浅见）,浅笑花花ah,7061874668,3,22,f,0,4598124657789552
内容,用户名,id,关注人数,粉丝,性别,点赞数,cid
幸福就好！！要开心。照顾好她们,dayadiest,5569102380,28,191,6,4596228841537905
幸福开心就好,懒羊羊打败了光头强,5329754575,37,77,f,3,4596241780978183
"祝福花花！<span class=""url-icon""><img alt=[偷乐] src=""https://h5.sinaimg.cn/m/emoticon/icon/lxh/lxh_toule-244c58c525.png"" style=""width:1em; height:1em;"" /></span> 刷微博服务器一直说喘口气我还以为网不好呢 原来是有好消息<span class=""url-icon""><img alt=[抱一抱] src=""https://h5.sinaimg.cn/m/emoticon/icon/default/co_a1hug-f3910d0e88.png"" style=""width:1em; height:1em;"" /></span>",大太子奶彤-,3514982647,261,109,f,9,4596232615898126
祝福99啊，很意外但是也很惊喜,努力努力再努力gd,5549357519,158,669,m,9,4596231588283123
幸福就好<a href='/n/华晨宇yu'>@华晨宇yu</a>,与火星的孩子对话yuu,6980948173,1329,7894,f,1,4597602307801715
大哥，你幸福就好啊！,愿逐月华留照宇yu,5448338868,503,293,f,1,4597549003185186
我最大的幸福  是看见你幸福,不瘦回105不改id,5835702200,213,133,f,1,4597345373130231
"我一直在<span class=""url-icon""><img alt=[心] src=""https://h5.sinaimg.cn/m/emoticon/icon/others/l_xin-43af9086c0.png"" style=""width:1em; height:1em;"" /></span>",hcy花火姐姐,7121507369,133,154,f,1,4597323034540127
"我最大的幸福是看见你幸福<span class=""url-icon""><img alt=[心] src=""https://h5.sinaimg.cn/m/emoticon/icon/others/l_xin-43af9086c0.png"" style=""width:1em; height:1em;"" /></span>",hcy花火姐姐,7121507369,133,154,f,1,4597322842117013
回复<a href='/n/大耳种花兔'>@大耳种花兔</a>:结不结婚俩人自有考量，仓促的家不如慢慢磨合看今后，现阶段落户爸爸户口了，都会爱孩子即可，今后慢慢看（当然这是我信他也没打算离开的歌迷的浅见）,浅笑花花ah,7061874668,3,22,f,0,4598124657789552
