id,comment


1,做馒头必不可少的就是面粉就这里面介绍的齐全，并且天然又健康。
2,做工看起来很细致，也很营养
3,作为北方人，就要吃老面馒头
4,专业术语有点多，但不至于晦涩，还可以，突出北方小麦的特点
5,主要是原料_小麦优质，好的食材做出的馒头营养更丰富。
6,主要是营养好，非常好吃，口感好。
7,主要是我们全家人都喜欢面粉类食物，馒头也非常喜欢。
8,主要是它是小麦的馒头而且是老品牌
9,主要是速冻馒头有小麦的味道
10,重点突出用料的健康营养，符合自己需求。
11,中国特有的麦香味
12,制作工艺良好，健康有营养
13,制作工艺考究，感觉很科学，符合自己的需求。
14,制作方法很传统，材料和加工方法很用心，馒头制作的很有营养，我很喜欢
15,制造方法喜欢
16,直接介绍了馒头的制作材料，让人很放心，可以了解到馒头的质量口味
17,只有原材好了才能做出好馒头，馒头的香味对于原材料也非常重要。
18,只有优质的小麦粉才能做出正宗又好吃的老面馒头。
19,只有食材的优良才能确保品质与口感
20,只有北方面粉才能做出优质馒头
21,只因为我太喜欢吃馒头了
22,只选用黄河滩的原生优质小麦
23,只选黄河滩小麦，让我感觉很特殊，我很喜欢
24,只选黄河滩小麦，保留天然麦胚芽，采用优质原材和匠心工艺。
25,只选黄河滩小麦
26,只选黄河滩的小麦
27,之所以是因为产品优势
28,之所以购买是因为产品比较的优势！
29,真的很好吃
30,真不啊错很棒
31,这样也是很好的。
32,这是为什么呢？很好吃。
33,这款馒头使用传统仿石磨粗磨的手艺，保留了小麦天然的味道和口感。
34,这款馒头保留了小麦的天然营养成分，所以一定会购买
35,这个小麦有充足的光照，会比较的好吃。
36,这个小麦的原料好，馒头才好吃
37,这个品牌的馒头在北方很受欢迎。
38,这个品牌的馒头口味挺好的
39,这个描述的比较贴合人心，可以给予一定信任度。
40,这个面粉是来自很好的小麦磨的
41,这个馒头它是有很多天然的营养成分，可以带来健康 
42,这个馒头它的制作原材料选择精良，只选择黄河滩小麦，整个加工过程都是原始纯天然过程。
43,这个馒头采用了传统的石磨粗磨工艺。
44,这个馒头保留了天然的麦胚芽。
45,这个可以充分的确保小麦蛋白质含量。
46,这个看起来还不错可以试试
47,这个黄河滩的小麦黄金圈儿，这个描述，看起来不错
48,这个的原材料是黄河地区的优质小麦让我觉得味道更佳的纯正
49,这个采用了传统手艺来制作
50,这个不错 好吃的东西他的材料原料肯定得是好的
51,这个北方老面馒头采用了优质的原材料。
52,早上没来得及做早餐但又想要孩子吃得营养，可能会选择这个
53,运用小麦，天然
54,运用了好的小麦磨成的面粉   和采用了优质原材和匠心工艺   我会可能购买福喜北方老面馒头
55,运用产地的优势描述
56,原始的做法，手工
57,原生优质小麦做的
58,原生优质小麦，虽然是速冻馒头，但保留链接天然营养成分，且健康营养
59,原生优质小麦，传统石磨工艺
60,原生优质小麦
61,原料鱼与工艺结合有营养又健康，我很喜欢
62,原料优质，制作流程严格规范，味道应该会好吃。
63,原料优质，营养高，工艺好，又健康
64,原料优质，而且营养健康
65,原料天然有机，蛋白含量高，传统工艺制作，营养丰富，工艺精湛，健康营养
66,原料是优质的小麦，吃起来让人放心
67,原料上乘考究，制作用心，
68,原料来源很明确，可以吃的放心吃的健康，而且食用十分方便，早上起来很快就能做好，就不用每天很早就起来做饭
69,原料好，有营养
70,原料好，工艺好
71,"原料好,工艺不错"
72,原料好，安全，能生产出更好的馒头，匠心工艺优质原材，能感受到食材带来的健康营养
73,原料好 工艺好
74,原料好  营养好馒头
75,原料好
76,原料更加讲究，搭配匠心工艺，更加营养。
77,原料纯天然无公害，馒头好吃，
78,原料采用黄河滩小麦
79,原料比较好
80,原材优质，工艺好
81,原材料正宗
82,原材料优质，传统制造工艺，技术
83,原材料优质
84,原材料优质
85,原材料优质
86,原材料选择好，制造好
87,原材料让我放心，能有充分的营养
88,原材料看起来就很健康
89,原材料精美，有营养
90,"原材料较为优质，工艺较为先进，原料价值充足，所以会购买。
速冻馒头更加方便，速食类产品受到消费者的欢迎"
91,原材料健康，制作过程安全卫生
92,原材料很重要，采用天然小麦制作
93,原材料和工艺好所以味道可能也不错
94,原材料好确实馒头味道更重，确实香，有馒头味
95,"原材料好，用的是优质的小麦。
营养都保留了，制作工艺优良。"
96,原材料好，馒头才能做的好吃
97,原材料好
98,原材料更好，质量更好
99,原材料非常重要的原材料能做出好的食物
100,原材料非常优质，工艺很好，营养又健康
101,原材料非常不错.口感好
102,原材料对于馒头香味有很大作用，但是我对这个要求不太大
103,原材料比较健康
104,与速冻馒头比起来，我觉得这款馒头的食材更地道，而且比较营养健康！所以我会选择
105,又营养又健康
106,有重点的描述，在视觉中心描述重点，很喜欢这样的表达
107,有营养健康，食材优秀的馒头是我喜欢的
108,有营养健康 ，味道还挺好 
109,有营养好吃
110,有营养更健康
111,有营养的我喜欢当早餐，方便快捷
112,有营养的馒头口感是好吃的，我爱他
113,有营养的，很适合早餐的
114,有营养的，才健康
115,有营养的 健康的 家人喜欢的
116,有营养吃的健康
117,有营养成分的提示，吸引顾客购买
118,有营养，原料好
119,有营养，可以当早餐来吃的
120,有营养，传统健康，有蛋白质
121,有营养
122,有营养
123,有营养
124,有营养
125,有营养
126,有营养
127,有天然营养成分，对身体好
128,有提到健康营养可以给小朋友吃，但是对我本人来说馒头只吃口感
129,有健康有营养，放心吃的
130,有黄河情怀，很喜欢，想买
131,有好的食材能够带来好的馒头。
132,有好产地，蛋白质含量高，优质原材和匠心工艺，健康
133,有更好的味道和营养
134,有档次的
135,有蛋白质，健康营养
136,有蛋白质，健康
137,有充足的光照
138,有北方正宗馒头的之最原样。
139,有北方的味道，容易让人有归属感。而且品质有保证，使得消费者信任。
140,优质原料和传统工艺，保留了原来的味道。营养成分保留
141,优质原料。独具匠心的工艺，
142,优质原料，匠心工艺
143,优质原料
144,优质原料
145,优质原材与匠心工艺带来健康营养
146,优质原材与匠心工艺，感受健康营养
147,优质原材料与匠心工艺结合，带来好吃的同时，更能带来营养
148,优质原材料更加有营养
149,优质原材料安全
150,优质原材料，更加健康
151,优质原材料
152,优质原材匠心工艺，好食材健康营养
153,优质原材匠心工艺
154,优质原材匠心工艺
155,优质原材，制作用心
156,优质原材，营养好馒头，健康营养高
157,优质原材，匠心工艺，感受好食材带来的健康营养
158,优质原材，匠心工艺
159,优质原材 
160,优质原材
161,优质原材
162,优质小麦做的营养健康
163,优质小麦磨成的面粉，有营养价值
164,优质小麦磨成的面粉
165,优质小麦感觉更加健康有所保障
166,优质小麦，做工一流
167,优质小麦，优质馒头
168,优质小麦，营养健康
169,优质小麦，营养更好
170,优质小麦，营养成分得以保留。
171,优质小麦，阳光充足
172,优质小麦，匠心工艺
173,优质小麦，匠心工艺
174,优质小麦，健康营养，匠心工艺
175,优质小麦，传统工艺
176,优质小麦，材料充满营养
177,优质小麦
178,优质小麦
179,优质的原料，匠心独运，营养全保留。
180,优质的原料，传统的工艺，地道的味道。
181,优质的小麦选材就非常吸引人
182,优质的小麦，有天然的营养成分，食用健康
183,优质的食材才能有健康的保证
184,优质的面粉原料
185,优质的面粉，才能做出好的馒头
186,优质的黄金圈小麦，确保质量有保障。
187,优质的
188,优质的
189,优质产地的原材料，制作工艺保留了天然麦胚芽，健康营养，口感好
190,优质材料匠心工艺
191,优良传统种植，精选优质小麦
192,优惠加工
193,用心的选材和做法吸引人
194,用石磨磨的面粉很好的保留了小麦的营养很喜欢
195,用料质量好
196,用料天然
197,用料考究制作工艺传统保留营养健康符合自己需求。
198,用料介绍仔细很吸引人
199,用料讲究，工艺独特，营养健康
200,用料和原料都健康放心，原料优质，天然营养，吃起来口感好
201,用料好，口感棒
202,用料好，传统工艺制作，健康营养
203,用了优选的小麦做！不用一点儿酵母的老面馒头
204,用的小麦好
205,用的小麦比较优质，吃着比较放心，而且有营养。
206,用传统石磨磨成的保存天然营养
207,用比较好的小麦制造的馒头，比较想尝试
208,拥有小麦的蛋白质
209,拥有天然营养成分，健康营养
210,营养又健康，性价比要高。
211,营养又健康 
212,营养有味道
213,营养好吃又好吃，我喜欢
214,营养健康，大品牌
215,营养健康
216,营养健康
217,营养价值高的馒头肯定会去购买的
218,营养价值高，优质小麦蛋白质含量非常高，优质原材料，健康
219,营养价值非常高，我也太喜欢了，有经典的味道。
220,营养价值
221,营养好优选小麦
222,营养好选黄河滩小麦
223,营养好吸收
224,营养好吸收
225,营养好味道纯
226,营养好色香味俱全。
227,营养好慢头 给人带来健康营养
228,营养好馒头黄河滩小麦
229,营养好馒头非常好吃我说
230,营养好馒头，只选黄河滩小麦，健康
231,营养好馒头，只选黄河滩小麦
232,营养好馒头，说明营养成分好
233,营养好馒头，是需要的
234,营养好馒头，北方老面
235,营养好馒头，爱吃
236,营养好馒头
237,营养好馒头
238,营养好馒头
239,营养好馒头
240,营养好馒头
241,营养好，说明对身体好，我肯定会买的
242,营养更健康值得拥有
243,营养更健康的
244,营养更健康
245,营养更健康
246,营养更健康
247,营养更健康
248,营养更健康
249,营养更多
250,营养高馒头小麦天然
251,营养高，天然成分，小麦种类好
252,营养高
253,营养丰富卫生
254,营养丰富，真材实料，健康养生。
255,营养丰富
256,营养丰富
257,营养丰富
258,营养的馒头又健康
259,营养的馒头口感不错，十分的好吃，我喜欢这味道
260,营养的
261,营养成分很不错
262,营养成分好
263,营养成分含量高，天然成分保留的好。
264,营养成分高，工艺好
265,营养成分的保留很重要
266,营养成分保留的很好
267,营养才健康，值得拥有
268,营养不流失
269,营养比较好，传统工艺。
270,营养、健康。
271,营养，使我放心，好吃，使我成长，
272,营养，纯天然
273,营养  天然无公害
274,营养
275,因为这个原产地很好，确保小麦蛋白质的含量。
276,因为这个是黄河滩小麦 有营养
277,因为这个是纯手工制作，非常的好吃
278,因为这个馒头有独特的匠心工艺
279,因为这个馒头采用的是优质的小麦与匠心的工艺
280,因为这个老面馒头的原料选择非常优质，面粉加工过程传承了传统石磨研磨工艺，老面馒头非常天然保留小麦天然营养。
281,因为选用的是产自黄河滩的小麦，小麦的产地环境好，做出来的味道会更好。
282,因为我喜欢好的原材料
283,因为我喜欢吹馒头，这个出来的感觉是挺好的一个产品
284,因为我觉得我比较喜欢好的原料
285,因为它选用的是黄河滩亚洲小麦黄金圈原生优质小麦，采用传统防石磨粗磨工艺，保留天然小麦的营养成分
286,因为它的营养成分可以保留下来，馒头又好吃
287,因为它的馒头有营养
288,因为它的传统工艺可以让成分得以保存
289,因为它采用原生优质小麦，有营养
290,因为它保留了天然，麦胚芽，虽然好吃
291,因为他使用的是亚洲最优质的优质小麦。
292,因为他能保留小麦的天然营养成分
293,因为他们传统的工艺
294,因为他董敏恭喜一下，你蘑菇仔仔细细
295,因为说比较有营养，所以可能买
296,因为是好的小麦磨的馒头。
297,因为是福喜北方老面馒头。
298,因为使用的是传统的工艺
299,因为黄河滩更适宜小麦的生长
300,因为好产地的食材，带来好的味道和营养。
301,因为福喜馒头的面粉营养高
302,因为产品的概念好！
303,因为北方人喜欢
304,乙我相好产地的食村能够带来食物更好的味道与营养。
305,一直喜欢吃馒头
306,一方水土养育一方人，所以不同区域的水土，对于小麦的培养也不同，自然味道也不一样，我还是很愿意品尝不同的风味馒头。
307,一方面是注重食品的营养价值，另一方面也是想去尝试新的产品
308,阳光充足照射，小麦发育好营养成分含量高。优质的蛋白质优质的淀粉。
309,阳光充足，口感有嚼劲
310,严选产地；选用优质小麦；采用传统工艺；保留天然营养成分
311,选自天然好小麦，健康更营养。
312,选用原生优质小麦，保留小麦天然营养成分
313,选用优质小麦天然营养成分
314,选用优质小麦
315,选用优质的原料，天然营养成分最大化的保留。
316,选用小麦优质，做工精细，健康营养
317,选用小麦蛋白含量高的原料，保证了馒头的好吃。
318,选用了这个十分优质的原生小麦。
319,选用了优质小麦，用传统手法制作，非常健康营养，对于我们人而言健康的很重要的，所以我一顶会买
320,选用了优质安全的食材来制作
321,选用黄河滩优质小麦，营养价值高
322,选用黄河滩优质小麦，麦香十足
323,选用黄河滩亚洲优质小麦，使用传统工艺做成，带来健康营养。
324,选用黄河滩小麦，面粉质量好
325,选用好产地的原生优质小麦，以及优秀的传统老工艺，保留天然麦芽胚。
326,选用的原料是非常好的 并且是速冻食品 很方便应该味道也不错
327,选用的小麦是黄河滩小麦 有营养价值
328,选用的面粉质量好
329,选用的面粉非常好 是精挑细选的 保留了天然营养成分
330,选用的材料很吸引人 传统石磨工艺也很吸引人
331,选用材料这一点很喜欢
332,选用北纬30度黄河滩亚洲小麦黄金圈的原生小麦，这样更有营养
333,选用北纬30度黄河滩小麦黄金圈优质小麦，传统石磨粗磨工艺，采用优质原材与工艺，健康营养。
334,选用北纬30度的黄河亚洲优质小麦。
335,"选好面做好吃的馒头
"
336,选的小麦质量好，小麦蛋白含量高
337,选的面粉放心
338,选材好，味道鲜美
339,选材好，好吃，营养价值会更高
340,选材好，好吃
341,选材好，味道才好
342,选材好，而且是优质的小麦，不担心食品安全的问题
343,选材好
344,选材好
345,的黄河滩小麦让人觉得很安全，会是一种营养丰富的馒头，我觉得营养是很重要的 
346,标语新颖
347,性价比高会购买，标语普通
348,形状很适中
349,心态好
350,小时候味道
351,小米，可以补充蛋白质，很有营养，还有健康营养。
352,小卖产地优良
353,小麦质量有保证，匠心工艺
354,小麦质地优良，工艺独特，天然成分保留好。
355,小麦制作非常营养不上火
356,小麦源自于好小麦
357,小麦原料优质，照射阳光充足，
358,小麦原产的
359,小麦有何丰富的蛋白质可以给身体补充蛋白质，含健康营养。
360,小麦优质
361,小麦优质
362,小麦营养成分高，为了健康营养会考虑购买
363,小麦研磨的好面粉。
364,小麦选材好，工艺使得营养成分保留，价值高
365,小麦天然营养高 原料优
366,小麦是优质的 保留了天然麦胚芽
367,小麦是好的小麦
368,小麦品质好
369,小麦磨成的面粉
370,小麦磨成的面
371,小麦精华
372,小麦黄金圈的原生优质小麦。
373,小麦很优质，馒头口味好
374,小麦好 食材好
375,小麦粉做成的馒头贼拉好吃
376,小麦的营养成分有保障，匠心工艺。
377,小麦的天然成分得以保留
378,小麦的天然成分暴力在里面。
379,小麦的品质好，应该很好吃
380,小麦的面粉好
381,小麦的地理位置好，而且光照充足
382,小麦的蛋白质量好
383,小麦蛋白质含量高
384,小麦蛋白质的含量很高吸引我会购买。
385,小麦产地，阳光充足，麦香浓郁
386,想要去尝试一下这个新物品
387,想尝尝看是不是和现做的馒头味道差不多，还有想试下北方的馒头
388,相较于口感，我更重视食材的选择。广告中的馒头用料精细，营养丰富，我会选择买来给家人尤其是小孩吃。
389,相比较而言，北方的老面馒头会更具有嚼劲，口感会非常好。
390,喜欢要保留小麦的天然营养成分。
391,喜欢外包装底部的“麦田”元素
392,喜欢它的营养好吃
393,喜欢他独特的内容介绍
394,喜欢黄河小麦
395,喜欢吃馒头，图片中的馒头原料很吸引我
396,喜欢吃馒头，上班的时候方便 原料健康，吃着也很放心。
397,喜欢北方馒头的口感，营养好消化
398,喜欢包装中各元素的整体布局
399,喜欢白象的图标和文字
400,无添加剂的馒头吃着才健康
401,我想吃好小麦魔成的面分
402,我相信好产地能够带来食物更好的味道与营养
403,我相信好产地的食村能够带来食物的味道与营养。
404,我相信好产地的食材能够带来食物更好的味道与营养；而且馒头的营养很独特
405,我相信好产地的食材能够带来食物更好的味道与营养
406,我相信好产地的食材能够带来更好的食物
407,我相信好产地的馒头一定好吃
408,我喜欢这家的味道，非常完美
409,我喜欢
410,我同意它开头说的话
411,我们家早上就喜欢吃馒头，可以购买
412,我们家早上经常就是吃馒头，可以换着吃
413,我看到了这款馒头具备了我们需要的营养成分，比较天然安全
414,我就是那一片的人，很想吃
415,我会购买的原因是：原材料的的精心挑选，营养成分的充分保留，好的食品优质选材非常重要，营养价值也是同样重要，
416,我比较喜欢吃由小麦粉做成的馒头
417,文案太长了，不能突出产品重点，北方老面馒头特色不够鲜明，专业术语太多
418,味美价廉
419,味道与营养
420,味道鲜美，口感很好，而且便于消化
421,味道十分鲜美
422,味道和营养
423,好吃营养足
424,好吃。是优质面粉。
425,好吃，营养丰富
426,好吃
427,好吃
428,好吃
429,味道还不错
430,味道非常好
431,味道纯正，
432,味道不错
433,味道不错
434,味道棒
435,图片看看近距离开他
436,挺好的
437,听起来就觉得好吃，符合我的口味
438,天然营养又健康，吃的放心
439,天然营养又健康，保留了最大的口感。
440,天然营养更健康
441,天然营养更健康
442,天然营养更健康
443,天然营养更健康
444,天然营养成分可以保留
445,天然营养成分高 
446,天然营养成分高
447,天然营养成分
448,天然营养成分
449,天然营养
450,天然小麦营养成分更高
451,天然小麦，营养更加好
452,天然食材，营养丰富
453,天然麦胚芽
454,天然健康
455,天然的成分
456,天然醇香
457,天然成分很有营养 
458,天然成分含量高，营养成分也多。
459,天然成分含量高，工艺有创意。
460,天然成分放心
461,天然成分 
462,天然成分
463,天然。营养成分更高
464,体现了选材的细节，让百姓吃的放心
465,体现了安全健康天然等字眼，我会觉得吃起来比较放心。
466,特点描述清晰，内容详实，北方的馍馍味道很棒，而且还是黄河小麦，更加亲切
467,特别香
468,它所使用的流程很完善
469,它介绍全面，全方位讲解这个馒头
470,它的原料面粉优质，做出的馒头肯定好。
471,它的原材料好，再加上精巧的手工制作，这样的馒头营养又令人赏心悦目。
472,它的小麦选的是最好的吗，还有传统石磨能有多大产量
473,它采用的原料和原料的产地，它的工艺，味道 ，营养
474,它采用的是传统防石磨粗磨工艺，保留小麦营养成分
475,他这个天然优质小麦还是比较有吸引力的，有品质。
476,他有充足的阳光照射的小麦，很有营养
477,他是用的传统粗磨工艺比较吸引我
478,他来自于小麦磨成的面粉
479,他采用的话传统防石磨粗磨工艺，能够保留小麦的天然营养成分
480,所用的面粉很讲究。
481,虽然是家里吃的速冻馒头，但是是用优质的小麦去做的，而且健康又营养
482,速冻也有营养
483,速冻馒头最怕没有营养，所以这款有营养的馒头一下子就让我想要购买
484,速冻馒头赛事很吸引我的，原料都是优选，可以尝一尝
485,速冻馒头里算是高品质，是我喜欢的老面馒头，而且原料不错
486,说的挺好的，就是不知道好不好吃
487,手艺和工艺更有特色
488,手工馒头让人想念家的味道
489,手工馒头好吃
490,是有营养的食物
491,是用优质小麦做的，很健康
492,是因为产品有优势之所以选择
493,是因为产品性优势之所以选择了！
494,是小麦制作的，含有的蛋白质丰富
495,是小麦的天然营养成分得以保留 
496,是我喜欢的味道
497,是我所需要的早餐很有营养。会给我的身体带来很大的帮助。
498,是使用传统的仿石磨粗磨工艺制程的
499,是老面馒头，口感是非常好的
500,是黄河边上小麦的粉，看起来非常有营养价值。
501,是比其他品牌的馒头要更健康的
502,是比较天然有营养的
503,是北方老面馒头 保留天然味道 营养成分
504,使用了传统的工艺 口感会更好。
505,使用好小麦磨成的面粉制作出的食物更入味。
506,使用的是天然麦胚芽
507,使用传统的石磨工艺制作比较的正宗。
508,使用传统的工艺来制作馒头。
509,使用比较天然的食材，很健康，所以比较喜欢
510,使小麦的天然营养成分得以保留
511,使小麦的天然营养成分保留了下来，更好吃了
512,食物营养健康，产地好，使用传统优质小麦。
513,食物的原料我希望是最好的
514,食材正宗
515,食材有营养
516,食材天然，纯手工
517,食材能带来更好的味道和营养，采用优质选材和匠心工艺
518,食材精选。小麦充足关照。
519,食材健康，有营养，保留天然味道
520,食材健康，很有营养
521,食材很好，营养又健康
522,食材很好
523,食材好，原料好，健康有营养
524,食材好，天然的小麦，成分好
525,食材好，充足阳光照射的小麦蛋白质含量高。
526,食材好
527,食材好
528,食材好
529,食材更天然
530,食材非常新鲜
531,食材非常的健康营养，很放心
532,实事求是，抓住重点
533,时小麦的天然营养成分得以保留。
534,时小麦的天然成分得以保留。
535,时刻保持着营养的充足，优质好馒头
536,石磨的好吃
537,上好的小麦磨成面粉，小麦蛋白质高
538,上等的食材，天然的食材有营养价值高。
539,如果营养好，我一定买
540,如果购买的馒头好吃，肯定会购买
541,让我相信吃起来的口感不是普通的速冻馒头，就跟幼时家中的馒头一样，回归小时候的记忆的味道，很正宗，值得回味
542,让我觉得对身体有益
543,让人吃的放心
544,戗面馒头，口感独特，有营养。
545,品质的
546,偏爱健康的小麦 语言比较有诱惑力
547,能更大限度的保留小麦的营养成分。
548,能带来健康和营养
549,内容介绍详细，特点突出
550,内容简介突出来用料讲究，制作工艺流程很传统，有想要尝试的愿望。
551,那个很好吃，很好吃。
552,目标明确，名牌明显，健康营养
553,墨迹啦咯啦墨迹金喇叭
554,描述认真可靠，给人一种安心的感觉，写出产地让人更加信赖
555,面味很香
556,面好做出来的馒头更好吃
557,面粉选的比较好，工艺不错
558,面粉选的比较好
559,面粉是小麦粉，做出来的味道可能比较好
560,面粉使用优质小麦
561,面粉产地来源很重要！
562,面粉产地好
563,面粉比较好
564,好吃的啊啊啊啊，很棒
565,没有说这种馒头的口感如何。
566,馒头做饭省时间
567,馒头原材料标注很清楚，我也很喜欢
568,馒头有营养，好吃，采用优质原材与匠心工艺
569,"馒头用料讲究，制做工艺先进，更好的味道
570,馒头营养健康 ，选材好
571,馒头营养丰富
572,馒头选用优质的材料
573,馒头选材好
574,馒头所含的成分健康有营养
575,馒头是小时候的味道
576,馒头可以当主食食用
577,馒头会比较营养，有吸引力
578,馒头还是有优选小麦制作
579,馒头富含丰富营养
580,馒头的做工其实很讲究，这种取材很用心，很喜欢
581,馒头的制作原料是非常优质的，吸引消费者
582,馒头的制作工艺和营养都非常好，考虑购买，希望介绍一下馒头的色泽
583,馒头的味道不错，有营养，吃起来特别香啊！
584,馒头带有淡淡的香气
585,馒头产地好，光照充足，原生优质小麦，使用传统的仿石磨工艺，营养成分得以保留，有利于人们的健康。
586,馒头采用优质原材
587,馒头不需要太麻烦
588,麦子产地优良
589,麦香足
590,买给父母很好吃
591,妈妈的味道
592,噜啦噜啦嘞了就算了具体是
593,梁康营养
594,里面的成分有小麦，小麦是天然食品，介绍的简单，但易懂
595,老字号，健康营养
596,老手艺
597,老面做出来的馒头会更有味道，采用天然小麦，保证营养均衡
598,老面选黄河小面
599,"老面三次醒发，浓郁酵香
600,老面三次醒发，浓郁酵香
601,老面馒头是我常吃的馒头种类，小麦选品优质。
602,老面馒头精选小麦，营养健康
603,老面馒头的制作材料是小麦，阳光也很充足
604,老面馒头的味道浓郁 采用传统石磨工艺这点也非常棒
605,老工艺的
606,老工艺，传统手艺
607,老工艺
608,来自于好小麦磨成的面粉
609,来自黄河边上生长的小麦，产地好，好吃
610,来自好的小麦所磨成的麦粉。
611,来自北方黄河滩上的油脂小麦粉做的老面馒头非常好吃
612,口味独特，有营养
613,口感一样的好
614,口感好适合我
615,口感比较好
616,肯定是很好吃的????
617,可以买来尝一下味道
618,可以的，不错的
619,可能会跟市场上的速冻馒头味道不一样，原料很健康
620,可能比一般馒头采用的食材好。
621,看着就好吃
622,看需要程度
623,看起来这个小麦的质量很好，味道也会很好
624,看起来用的原料比较好
625,看起来营养很好呢，现在比较注重营养，看起来比较想买
626,看起来不错
627,看描述喜欢
628,聚德他的味道比较正统
629,具有丰富的蛋白质含量 很健康营养
630,具有丰富的蛋白质含量 很健康营养
631,具体说明了馒头所采用的食材原料，感觉比较健康，让人吃的放心
632,精选
633,精心制作，口感很足
634,介绍了是黄河滩的小麦，说出具体方位，以理服人
635,介绍了馒头的成分，还有介绍工艺，都是我喜欢的，会考虑购买
636,介绍的很详细，产品质量有保证
637,较有营养 有优质小麦做成
638,觉得好小麦质量不错
639,觉得传统石磨工艺很好。
640,嚼劲很不错
641,匠心公益
642,匠心工资，值得拥有！
643,匠心工艺独特，营养成分含量高，
644,匠心工艺传统制作过程，比较适合现在的需求
645,匠心工艺、营养好馒头
646,匠心工艺，健康营养
647,匠心工艺 ，健康营养 
648,匠心工艺 ，健康营养
649,匠心工艺
650,匠心工艺
651,匠心工艺
652,匠心独运，劲道
653,讲了原料的独特和工艺的独特，值得信赖的感觉
654,讲解的不是太好，没有想吃的感觉
655,健康又营养
656,健康有营养 
657,健康有营养
658,健康有营养
659,健康营养是我首要考虑的
660,健康营养丰富，好吃吃
661,健康营养，黄河滩小麦挺有名的。
662,健康营养
663,健康营养
664,健康营养
665,健康营养
666,健康营养
667,健康食品，营养好，天然食品
668,健康好小麦磨成的面粉
669,健康更营养
670,健康传统风味
671,健康，匠心工艺
672,家里每天都需要
673,家的味道和妈妈做的一样
674,货真价实的
675,回味无穷
676,回味甘甜
677,黄河小麦值得信赖
678,黄河小麦是亚洲的骄傲
679,黄河小麦品质好
680,黄河小麦很好
681,黄河滩优质小麦，原料放心
682,黄河滩小麦做原料
683,黄河滩小麦正宗营养好馒头
684,黄河滩小麦有名，产地好，质量安全，做的馒头好吃
685,黄河滩小麦我最喜欢了
686,黄河滩小麦使用传统石磨工艺，天然营养成分得以保留，磨成的面粉造成的馒头健康营养
687,黄河滩小麦品质好，北方的味道，健康。
688,黄河滩小麦很有名气，也很喜欢吃馒头
689,黄河滩小麦，原材料好有保障
690,黄河滩小麦，营养好馒头，香，好吃
691,黄河滩小麦，品质有保障
692,黄河滩小麦，好吃
693,黄河滩小麦，更有营养
694,黄河滩土地比较肥沃，感觉东西肯定会好吃
695,黄河滩的小麦很劲道
696,黄河滩成长比较好
697,黄河摊的呀，黄土高原老家乡的味道，最是香了
698,黄河附近的小麦一直都很不错，如果有专门这个产地的馒头，我觉得还是可以接受
699,黄河边的小卖做成馒头就是香
700,很香
701,很少有馒头说自己用什么成分做的，天然的东西我很喜欢
702,很健康也有营养 
703,很健康 也很有意义 
704,很好的保留了小麦的营养成分
705,很好吃的，很好吃。
706,很好吃，个人很喜欢这种馒头
707,很好
708,河南产区面粉劲道
709,好小麦做出来的馒头，很香
710,好小麦吸引我，我关注产品品质
711,好小麦说明品质比较好，而且嗯，感觉营养会比较有保证
712,好小麦磨成的面粉做的馒头
713,好小麦磨成的面粉做出来的馒头，既健康又好吃
714,好小麦就说明了他的品质用料会比较考究，会比较有营养嗯，买着也比较放心
715,好小麦，匠心工艺
716,好食材让人放心，选择食材比较用心
717,好食材能够给食物带来更好的味道和营养
718,好食材很吸引我，我喜欢健康养生
719,好食材才会有好馒头，看了这个文案，想尝试一下
720,好品牌大众化
721,好面馒头谁都喜欢
722,好面粉才能做出好馒头
723,好馒头
724,好看又好吃
725,好看
726,好看
727,好好面
728,好的原材料能制作出新鲜的食物
729,好的原材料才能有好的产品，想要做出儿时的那种味道，跟面的生产工艺很有关系，仿石墨的，比平常的面粉肯定不一样
730,好的原材料才能更显传统食物的品质
731,好的小麦做出好的馒头
732,好的小麦做成的面粉，吃起来感觉非常好。带来健康是非常重要的。
733,好的小麦造就好的面粉好的面粉造就好的馒头。
734,好的小麦才能做出好的馒头，天然原材才是最为重要
735,好的小麦，原生优质小麦保存天然麦芽是小麦天然营养成分得以保存
736,好的小麦，原生优质小麦保存天然麦芽是小麦天然营养成分
737,好的食材可以给食物带来更好的好吃
738,好的食材可以带来好的营养和饥饿健康。
739,好的食材很重要 ，健康营养
740,好的食材带来健康。
741,好的食材带来好的口感
742,好的品质少不了好的原材料
743,好的面粉才能做出好的馒头
744,好的馒头源源都来自于原生优质的小麦     采用了原材和工艺结合起来的健康营养
745,好的东西万里挑一，独特深入人心，手艺精致
746,好的产地的食材能带来好的营养价值。
747,好吃又营养
748,好吃又不贵
749,好吃，早上可以快速的上班
750,好吃
751,好吃
752,好吃
753,好吃
754,好吃
755,好吃
756,好产地做的馒头就好吃
757,好产地的食材能够带来食物更好的味道与营养，保留小麦的天然营养成分
758,好产地的食材能够带来更营养与好吃的食物
759,好产地的食材能够带来更好的味道和营养会让我有想要尝试的想法。所以会选择可能会购买，买来尝尝味道。
760,好产地的食材可以给食物带来更好的味道与营养
761,好产地，食物味道和营养价值高，小麦蛋白质含量很高，使用传统工艺，天然营养成分得以保留。
762,好材料好品质
763,还是对于好的味道有一定的期待可以买回去试一试
764,广告中指定特定小麦产地会吸引我去查找资料核实。确认后，会根据地理特点详细了解原产地小麦为什么好，最后购买
765,广告词感觉都是专业术语  不是很想购买
766,光照充足，地理位置优越，有利于小麦生长。
767,古朴的传统工艺
768,工艺流程特别有历史，味道回味起来悠长。
769,工艺好
770,工艺好
771,工艺更精湛
772,工艺独特，保留天然麦胚芽看起来比较有营养
773,工艺比较精细，用的原材料比较好
774,给小麦晒充足的阳光，说明原材料非常健康
775,个人喜欢吃馒头，而且这个馒头的口感很符合我的爱好做法也很特别
776,个人比较喜欢传统手艺做的食物
777,感受营养健康，保留了天然营养。
778,感受一下匠心的工艺，天然营养。
779,感受健康营养
780,感受好食材带来的健康营养。
781,感受好的食材带来的健康营养。
782,感觉原材料很好
783,感觉馒头的制作工艺很好
784,感觉很有营养
785,感觉很健康的样子
786,感觉非常的健康
787,感觉产品非常的不错
788,"感觉不错,天然"
789,感觉比较有营养。
790,该描述表达了北方馒头采用了优质的原材料，表达了它丰富的营养，是我需要的。
791,该馒头选自黄河滩的小麦，生长环境好，营养价值高。
792,富含原生优质小麦
793,富含小麦蛋白质营养健康
794,复习北方老面馒头，采用优质的原材料
795,福禧馒头采取优质小麦做原料
796,福喜品牌我喜欢的
797,福喜北方老面馒头，营养多，健康
798,非常有营养
799,非常好吃，非常香，吃了下次还会再来
800,仿手工馒头，吃出家乡的味道
801,仿石磨工艺，保留天然麦胚芽带来，更多营养
802,仿石磨工艺，保留天然麦胚芽带来，更多营养
803,方便快捷又卫生健康
804,方便，小麦精选，是我爱吃的小麦
805,方便，使用传统仿石墨粗磨工艺，保留天然麦胚芽
806,嗯，好的，都很好吃。
807,对于我来说 原材料好是其中最重要的一点
808,独特的
809,蛋白质是比较多的
810,蛋白质含量丰富
811,蛋白质含量，传统仿石磨工艺
812,带了健康营养
813,大多数的馒头相似
814,粗磨工艺，保留营养
